{"10": 6.494542849414493, "11": 4.495079317708173, "12": 2.8198946152285056, "13": 2.8217864650754385, "14": 5.955546348681805, "15": 4.885104936980392, "16": 4.08262996553681, "17": 3.3967474159758697, "18": 2.4339927552892378, "19": 3.6936322954186878, "20": 3.379786075116053, "21": 3.074680173532977, "22": 2.929657449648308, "23": 3.4060445670398103, "24": 3.50879817448885, "25": 3.5037919062107057, "26": 3.4040652082711356, "27": 3.5619422196194974, "28": 3.507857588120712, "29": 3.6021028384542686, "30": 3.212138329882075, "31": 6.634304791789651, "32": 6.382990363508745, "33": 5.614941874775682, "34": 5.347436210807772, "35": 8.440452998469805, "36": 7.327451972349596, "37": 2.718574381573183, "38": 9.378722637062737, "39": 2.718859079084003, "40": 9.091040564610955, "41": 2.5393651685562393, "42": 4.623218569774087, "43": 1.0836457469848997, "44": 1.8890621526336564, "45": 1.2364006886700294, "46": 1.2326575413502134, "47": 1.0475110254941646, "48": 1.4112884164519603, "49": 1.6495246905803316, "50": 1.6863557670549387, "51": 1.1016778749432379, "52": 3.9998498737758443, "53": 2.3187232565239224, "54": 1.3259663755312336, "55": 1.4079054893030698, "56": 1.1092503384172745, "57": 1.0670786885597574, "58": 1.2939547353374463, "59": 3.630391786145466, "60": 1.1166511122703588, "61": 1.1638063959584943, "62": 1.0709070724639584, "63": 1.361744890300474, "64": 2.0720421068128365, "65": 2.379604352066626, "66": 2.1217199299706633, "67": 2.085327099737754, "68": 3.3266334681383194, "69": 6.428452737585502, "70": 8.079439652932475, "71": 6.422655619901176, "72": 8.867897013296744, "73": 10.88280003383901, "74": 10.88280003383901, "75": 10.477334925730846, "76": 10.189652853279066, "77": 10.477334925730846, "78": 10.477334925730846, "79": 6.950974401114684}